Id,preco
0,864720.262779957
1,235222.35839571318
2,597755.6944588993
3,293243.72435723175
4,363818.6547954332
5,222241.7605109903
6,663198.9643277568
7,376112.8754735573
8,309615.8514370847
9,678133.0380825072
10,660615.6449571516
11,536942.2497080287
12,923011.1312026663
13,336196.5822717103
14,769463.8391585664
15,590597.0009546968
16,355406.5169953469
17,268844.76251504116
18,281343.12455805414
19,774820.6668484958
20,722037.300517331
21,282993.96230871696
22,303199.88830607256
23,371784.18378524005
24,268766.37598248426
25,334606.2797007803
26,454957.4254983305
27,555051.9154884942
28,774820.6668484958
29,806151.4737765968
30,351307.7313341609
31,937759.5676199986
32,855159.7786210555
33,881607.9708437175
34,944351.5236379791
35,326392.4088969261
36,445514.3299260478
37,865115.7445112943
38,313351.9068877005
39,378869.8024893
40,866069.9200761358
41,717262.542524075
42,366518.624333878
43,855021.3671216003
44,751711.5923180354
45,234115.64999133896
46,610166.841029213
47,527982.3653111457
48,357958.8849784705
49,371466.8628665736
50,414409.68360688153
51,301310.74157143687
52,533515.5760675434
53,832404.7398757505
54,894206.473053332
55,399706.9961305448
56,591425.2328453527
57,319991.69337902847
58,775006.7883135236
59,866069.9200761358
60,917614.9238309497
61,521468.1851187033
62,923693.1025816568
63,918578.648125768
64,402123.2663777304
65,432078.9833230048
66,578937.2751288824
67,877986.9889109014
68,778450.4715798481
69,378163.0278144027
70,826847.594155503
71,241307.35263765656
72,537212.9323118752
73,422124.61164190195
74,347442.35573618766
75,912909.5410520924
76,284756.3901392421
77,335881.1069210939
78,221500.45537725082
79,361329.71683499054
80,544410.6735481828
81,395392.5826691421
82,323487.57480815623
83,947984.8845092357
84,850853.7115737597
85,381057.7814481827
86,398381.5345237367
87,605746.1590270655
88,454957.4254983305
89,360864.7697215922
90,532083.1815766355
91,713432.2326384417
92,221164.23018060141
93,298025.3535301024
94,202730.4934799518
95,724553.4115708146
96,920854.3992676929
97,715001.5958975155
98,338976.95867781324
99,596948.4405908689
100,572533.7965875196
101,399706.9961305448
102,894806.0652323532
103,695499.1642107822
104,352378.5254725859
105,705208.0682153188
106,816519.6334113677
107,812883.1320433189
108,411159.8545925486
109,597708.2321769815
110,367399.0694290736
111,778361.6852797195
112,346979.0548026498
113,315802.3286789365
114,710056.7888771467
115,293909.86279820045
116,539275.6493696986
117,866079.4688061127
118,816602.3305649094
119,273620.9748116011
120,822699.5847459509
121,246170.92584860045
122,513302.3022443779
123,324572.2531687337
124,297239.04883288906
125,661211.4467651256
126,257776.80195387086
127,947984.8845092357
128,282223.1803358619
129,832674.2707139504
130,831336.9695485868
131,922965.9538118992
132,491670.1855222346
133,675155.0534077764
134,945474.1170691461
135,529169.4193079713
136,433186.3671348211
137,643300.7846189517
138,763582.5584064223
139,372885.29185033275
140,844220.8802052657
141,444633.7548119069
142,431841.1738146036
143,829663.3273075772
144,348754.2174137676
145,507381.1109330272
146,191012.54271509306
147,917614.9238309497
148,614222.1942330721
149,935472.9112389059
150,453055.705120535
151,607214.1191589008
152,732886.0326011953
153,723114.3751234243
154,399234.332175337
155,504821.2635402698
156,483563.5173367389
157,367105.5168292187
158,599373.9547751227
159,918578.648125768
160,857977.8283236771
161,445514.3299260478
162,854586.7065067715
163,424464.4379553055
164,286383.3150083823
165,343629.38396249164
166,561243.9176684363
167,605647.4978627665
168,397720.08008598734
169,789629.9993087528
170,614222.1942330721
171,394548.13247118227
172,646503.1279645549
173,686322.3111719838
174,550845.6393989151
175,917614.9238309497
176,638247.9199300661
177,369004.08024352463
178,866546.6913879812
179,333824.5869907505
180,794022.8839877644
181,314945.00072676066
182,863695.758666076
183,633465.7488736438
184,663198.9643277568
185,423925.58675139444
186,438749.87680209207
187,454186.0630565267
188,906648.8111336067
189,342406.729505028
190,876915.3189365857
191,836179.5043507903
192,208928.1065334023
193,406054.8744711434
194,363846.8876834334
195,729177.5440038546
196,267105.7917539891
197,848312.6156476749
198,276209.6279036057
199,555794.0003639781
200,927310.4525696562
201,246129.29093377586
202,627494.9913089887
203,813974.450971954
204,647594.5399396757
205,240860.41888470115
206,182855.83049770936
207,352225.7645498428
208,822624.3384666869
209,948326.2025570113
210,694755.9115968248
211,850853.7115737597
212,454186.0630565267
213,555051.9154884942
214,728296.1788240243
215,356283.8792308569
216,290782.89253159263
217,532557.6597914717
218,485778.38792078174
219,288590.08846299374
220,550845.6393989151
221,811559.3206173345
222,852466.8924106756
223,287530.30401161
224,341017.3001360137
225,522420.1706630045
226,371617.40887368965
227,652597.2541417527
228,918578.648125768
229,564410.0251441333
230,339697.04129185656
231,451241.01883867197
232,341473.34774223214
233,654584.7717043839
234,549083.3576744072
235,289366.00108678045
236,799954.2628997287
237,914561.3367363091
238,949831.92226647
239,521468.1851187033
240,786371.4133509339
241,222238.58528251376
242,561992.0151074015
243,360816.5590310106
244,726701.839085132
245,375125.5336175642
246,462772.9877658061
247,612334.2551024812
248,525717.4084098038
249,836419.3793822266
250,952690.267288093
251,372761.7969213895
252,555051.9154884942
253,553401.190028371
254,647363.3011836614
255,655779.3601996547
256,287530.30401161
257,792342.8632456361
258,863281.7481820326
259,851198.0619552529
260,519757.7772668217
261,630080.9212283029
262,254773.00402684908
263,771052.8672705095
264,370394.7544162259
265,342642.6769095047
266,336407.9134417692
267,710752.7591583267
268,393793.3161983837
269,945474.1170691461
270,366637.5735771775
271,678882.2150800015
272,671058.5978983815
273,438292.8594053255
274,455817.90045018296
275,350927.3315497433
276,358861.9276395871
277,917596.9220265571
278,287530.30401161
279,897552.7857460126
280,282762.7579014659
281,908872.66187934
282,370329.54185033275
283,369004.08024352463
284,927044.4472418801
285,781070.3089916817
286,351444.08668916766
287,896570.1685018347
288,525674.4612082822
289,812541.9378615123
290,754849.9024505507
291,581228.2476808529
292,888664.3233302888
293,536791.2108106391
294,877879.043231404
295,451175.1863889184
296,514717.9713543034
297,897552.7857460126
298,405749.3114059994
299,558091.0430571216
300,743553.6145640542
301,713537.6814288798
302,367399.0694290736
303,536389.778530082
304,331547.20954919304
305,258086.84177278483
306,206367.917021766
307,508901.26672105736
308,427097.5343661994
309,574151.8149772211
310,268349.44968300755
311,781070.3089916817
312,945474.1170691461
313,456921.8307540993
314,253913.14184791298
315,817424.9698348144
316,880002.8515826267
317,945433.4327466792
318,357140.8389373182
319,363488.3268460578
320,281221.0144010505
321,912010.7960559276
322,763373.841419355
323,400968.9720237367
324,263006.33711176977
325,608124.4909405962
326,432078.9833230048
327,911047.0717611093
328,815006.0432996
329,398674.0933600295
330,713537.6814288798
331,444749.3642866863
332,608124.4909405962
333,794844.0482306526
334,947684.0577565861
335,454186.0630565267
336,371784.18378524005
337,485002.23409053707
338,853285.2697763094
339,441793.2918885427
340,394548.13247118227
341,672734.9296967204
342,831504.286778111
343,927735.6314424591
344,675830.9961389494
345,623495.485203041
346,308844.88392174843
347,661211.4467651256
348,572579.5757936916
349,925162.5880597723
350,417192.9544671676
351,857496.7561140913
352,439918.2255600095
353,945433.4327466792
354,398381.5345237367
355,657464.0146308326
356,475102.5628088509
357,802169.32239478
358,332316.0005326093
359,701313.915830673
360,314708.8065332264
361,800575.3302278629
362,261610.7040199317
363,291224.3907087578
364,379338.64036401134
365,780162.8507460657
366,803736.564729197
367,265001.38571134803
368,911047.0717611093
369,913917.3706417362
370,353289.12661704357
371,355543.05004842347
372,712555.064184702
373,953653.9915829113
374,802903.7054638639
375,912010.7960559276
376,274043.88810494245
377,469479.68692347466
378,610166.841029213
379,549172.4101328221
380,524539.2789942884
381,309615.8514370847
382,479879.23588194366
383,683674.9336627009
384,506785.1383937912
385,541026.4097808498
386,795030.1438375608
387,949428.7768277768
388,309615.8514370847
389,836419.3793822266
390,503853.4917393359
391,396776.52370928554
392,620903.780858066
393,533959.3228412488
394,259582.2489215884
395,346918.5118125789
396,371466.8628665736
397,508901.26672105736
398,577724.7261926493
399,651614.6368975749
400,644288.8768228599
401,412470.64419138234
402,551795.4348480878
403,331842.0822040939
404,804930.8012363717
405,854055.3692900456
406,281221.0144010505
407,583973.3988899394
408,891244.3078765121
409,548770.3825298719
410,497975.397998605
411,259314.66256249408
412,246250.6545100346
413,407477.447789229
414,450868.6845242519
415,595185.3588669901
416,654584.7717043839
417,427028.9991402132
418,355406.5169953469
419,330838.81430436205
420,435518.13550319104
421,380157.3463732976
422,260272.7036962297
423,321930.27705394884
424,351307.7313341609
425,656713.3315654017
426,756997.7669604346
427,795832.2048884619
428,922965.9538118992
429,389240.55925323337
430,330020.772290325
431,245539.90277463372
432,808896.3957567322
433,263231.5073324669
434,922730.0963765787
435,619392.2358106455
436,934276.4563402215
437,883225.7935943281
438,317429.61756827595
439,169872.07053663203
440,710326.406069899
441,358296.6422795454
442,351307.7313341609
443,403704.4416301532
444,775648.9331139488
445,771409.728660466
446,228684.2526604806
447,371784.18378524005
448,867947.4971059762
449,345138.6071317734
450,287286.67080006655
451,925162.5880597723
452,768413.9546366533
453,423925.58675139444
454,325485.8896831459
455,548933.1548848908
456,728254.9711937173
457,330646.6811951829
458,330020.772290325
459,329705.57860747096
460,265729.17834723304
461,651614.6368975749
462,330826.365244398
463,527659.1489906647
464,355160.31595309055
465,501688.5173367389
466,687666.157948171
467,945474.1170691461
468,727401.5469928989
469,863695.758666076
470,847352.0953376951
471,521468.1851187033
472,383881.13808665116
473,197559.40967508825
474,367399.0694290736
475,952690.267288093
476,824723.721176268
477,368993.5191165736
478,352025.0804940448
479,651347.6228302041
480,515137.9480399774
481,915574.7051382331
482,634901.4165977677
483,400844.31714678556
484,492770.7080133071
485,634233.2027116751
486,889755.7221787594
487,480528.2906902164
488,849635.080088498
489,291224.3907087578
490,722131.7578792465
491,315421.81596713007
492,326850.6256965823
493,400030.4044257951
494,530447.9287715736
495,844244.6146481128
496,897166.127286584
497,548933.1548848908
498,652597.2541417527
499,477189.21988226275
500,949831.92226647
501,839394.6092313962
502,551795.4348480878
503,362413.9945458197
504,414761.7072783182
505,944351.5236379791
506,945474.1170691461
507,546293.9790249836
508,350862.0604639811
509,555051.9154884942
510,667295.2296264449
511,511719.11307523586
512,881607.9708437175
513,386598.92356789095
514,252956.49118803052
515,399706.9961305448
516,494308.3761863005
517,739956.1184649484
518,605578.2116086159
519,432078.9833230048
520,923453.685807063
521,784053.9462750169
522,550845.6393989151
523,167415.34455559187
524,925162.5880597723
525,879461.6809792271
526,816042.0333060888
527,911047.0717611093
528,542604.034646039
529,281221.0144010505
530,834685.4370962912
531,802601.8082960603
532,566402.1360848867
533,932687.9047347509
534,320003.29084075487
535,329561.0145079511
536,397821.05128202995
537,918578.648125768
538,885972.5493637917
539,862510.322092517
540,351006.8127719232
541,311902.9640289204
542,620579.3017577537
543,638893.5074023592
544,413181.93411073805
545,559592.9906681824
546,205532.5401160534
547,919486.5803197195
548,351819.3206059176
549,295313.434521348
550,603561.3014246557
551,461456.43760321685
552,814027.9223627103
553,488203.45878139214
554,387900.9279140191
555,314379.4714158953
556,321289.1953101432
557,367506.2281757328
558,257877.66831421267
559,878626.1324351587
560,565747.6113431212
561,541225.7897317408
562,224140.22141006065
563,555051.9154884942
564,581127.660533241
565,566780.1144092112
566,286753.61067972594
567,281878.7349772813
568,591796.989742788
569,746308.0771084017
570,599103.2535083018
571,832332.1176520254
572,377556.8480257216
573,754977.9121969916
574,371784.18378524005
575,421035.0362003774
576,837389.5146464192
577,774233.3421688237
578,231933.12113270446
579,719036.8615638767
580,913359.1698454847
581,432987.6864538961
582,900900.2188129291
583,918578.648125768
584,368086.2402423144
585,946437.8413639645
586,773679.4298078654
587,945474.1170691461
588,927750.5532911394
589,591434.6890893377
590,334574.3417173801
591,927944.5945974139
592,381196.77488612966
593,455817.90045018296
594,303313.4965560634
595,387371.4087755588
596,424842.86258814955
597,608842.4583037461
598,660228.8295209478
599,530050.234381468
600,598849.1980597856
601,758440.7102527296
602,740932.0020259615
603,368764.1860948859
604,506068.35567682784
605,844452.5914816775
606,180018.4821702669
607,786879.3041278892
608,555051.9154884942
609,949831.92226647
610,386391.3523744157
611,663198.9643277568
612,561317.7552575874
613,683341.5436569762
614,507811.7487472488
615,918578.648125768
616,269630.5164940683
617,539539.8566731558
618,283721.75494460197
619,446978.4008801473
620,359863.1049730213
621,332316.0005326093
622,872813.0451155241
623,928100.2669127167
624,367096.32789677224
625,521468.1851187033
626,363818.6547954332
627,911047.0717611093
628,332140.6645746931
629,839114.9741721929
630,324325.7390284707
631,782730.4430529166
632,428358.0676205349
633,654995.8631439768
634,357140.8389373182
635,232533.84546253673
636,619555.7256232037
637,561992.0151074015
638,320804.58082686283
639,257957.4657592027
640,577449.4541831582
641,891815.5441168002
642,403227.44767579506
643,537198.556774608
644,424857.51280228246
645,588492.0407135191
646,306668.3774724362
647,291413.2339907866
648,371466.8628665736
649,398381.5345237367
650,459872.77896902186
651,896570.1685018347
652,460709.8278246981
653,604264.2417720426
654,361282.4804803112
655,926587.3503370247
656,315529.96595951647
657,257957.4657592027
658,361910.32765683974
659,316755.5499577288
660,521468.1851187033
661,857313.5368049053
662,633219.2309876693
663,696881.6969400601
664,555051.9154884942
665,310273.5720133154
666,521468.1851187033
667,583973.3988899394
668,796170.7484976483
669,741974.9699709386
670,919493.4809860967
671,655567.3889485617
672,284587.8861148743
673,756770.4320441692
674,767346.2119602008
675,469741.84350067365
676,402123.2663777304
677,532614.5608271896
678,245539.90277463372
679,215223.72624163455
680,601380.4335109659
681,292795.7612730159
682,376295.96609279094
683,339386.73181467387
684,454957.4254983305
685,733048.395326332
686,937180.6131260487
687,396776.52370928554
688,652597.2541417527
689,244426.78330584033
690,718054.2443196989
691,871222.5433193675
692,539762.1435394993
693,681004.4930953297
694,634201.8482318472
695,799512.8016682239
696,470218.2551619074
697,375773.3853668621
698,731235.8556355544
699,302957.3000436934
700,507811.7487472488
701,342406.729505028
702,558630.2963977874
703,840959.1862193207
704,851922.2874845633
705,366374.4047954332
706,351194.08761130116
707,947684.0577565861
708,171755.6523604644
709,866069.9200761358
710,261305.56622573675
711,798715.4536625659
712,388605.5636708026
713,358187.1839947589
714,555051.9154884942
715,944351.5236379791
716,729831.9864141877
717,935472.9112389059
718,639965.4278755294
719,180018.4821702669
720,273556.2260907517
721,367399.0694290736
722,521842.2971915393
723,184371.43305112026
724,896868.411095189
725,458955.84192991524
726,830006.3556273754
727,503924.4150807186
728,654584.7717043839
729,376788.0308993127
730,547610.4788129459
731,756553.9532737138
732,287530.30401161
733,425233.7583066842
734,619555.7256232037
735,414470.0295623692
736,171224.9387736814
737,334197.37225129304
738,897407.3951303532
739,727654.8387322404
740,501688.5173367389
741,843322.1352091009
742,776697.8248380468
743,317966.7727886477
744,163055.35275346535
745,346918.5118125789
746,331547.20954919304
747,830183.2407478642
748,805150.4825432852
749,394461.08024361974
750,386938.3367562118
751,309593.32324989594
752,330469.4942899038
753,526945.5107783224
754,319178.36188900773
755,737989.2461879783
756,560562.176151277
757,521468.1851187033
758,309118.39639116183
759,374326.98734994105
760,648770.2726714402
761,595394.4518664809
762,602353.9077813942
763,270950.8075733236
764,891850.8396036872
765,238655.32557724442
766,665212.8487787651
767,851049.0633588738
768,590486.7616562591
769,817024.6505502666
770,371466.8628665736
771,849889.9872789413
772,897518.6895842443
773,756298.2719977766
774,874399.6124744446
775,771958.7629811654
776,858548.2633886035
777,880002.8515826267
778,215223.72624163455
779,277870.94699215365
780,280381.93939418264
781,291224.3907087578
782,381305.6330469968
783,730253.2383913766
784,281221.0144010505
785,501688.5173367389
786,207226.35473111874
787,896331.2740374106
788,239445.82216662017
789,205532.5401160534
790,374375.07245236175
791,585540.940285003
792,267105.7917539891
793,290832.38108623575
794,780202.0779128975
795,519986.92993734445
796,506508.00670957373
797,265351.4215984824
798,917461.2731616178
799,417221.48519162554
800,634295.1678790795
801,420389.9977171676
802,952690.267288093
803,915574.7051382331
804,398674.0933600295
805,316856.60746841296
806,285453.77654292155
807,257762.71318419356
808,550845.6393989151
809,874941.732889757
810,603089.6679855823
811,659633.0277129738
812,368764.1860948859
813,267105.7917539891
814,627969.9870355345
815,687477.5275362532
816,918681.3746244621
817,354357.77168675256
818,398381.5345237367
819,944351.5236379791
820,748648.9515320393
821,354458.14809420356
822,525674.4612082822
823,782730.4430529166
824,446598.9394718375
825,861699.1104342096
826,279225.3331644272
827,365777.4073826923
828,482341.6587950239
829,286858.92187498696
830,817024.6505502666
831,630402.1270302666
832,167512.57138715574
833,748811.441785768
834,236532.02894926092
835,897519.9466773628
836,927177.4296905611
837,455817.90045018296
838,900234.8585494595
839,345138.6071317734
840,403872.48615900497
841,361330.3197909576
842,896570.1685018347
843,637871.808039323
844,561835.2912875063
845,923011.1312026663
846,372745.81209751836
847,172178.13344721548
848,348335.516837352
849,654670.7552341803
850,525481.1852114466
851,586604.0144103713
852,392184.94443850353
853,618742.8976167887
854,303244.1206642786
855,252956.49118803052
856,334983.2835348265
857,777229.6339948059
858,351307.7313341609
859,883520.0625684555
860,297569.13602583075
861,257756.1094786568
862,454739.9123850314
863,432078.9833230048
864,392479.70782954234
865,783104.2611057721
866,292581.82651605934
867,846972.0967812701
868,869877.6953049955
869,324055.4638466871
870,592195.893636254
871,885271.5788156963
872,411277.3573980033
873,855985.0914164187
874,880002.8515826267
875,216752.90328044427
876,928735.2148469086
877,488951.3669423746
878,286858.92187498696
879,208289.22047403027
880,596431.3063993041
881,925162.5880597723
882,917596.9220265571
883,207959.64779247437
884,918681.3746244621
885,826975.2718885752
886,657464.0146308326
887,253732.47437072126
888,345067.32096079993
889,572068.2557696153
890,677699.0078890177
891,906436.0287094912
892,694526.3989368841
893,212439.23938727917
894,195730.36518967792
895,914217.2232210283
896,619555.7256232037
897,281221.0144010505
898,376819.81001639983
899,558377.6263473984
900,900234.8585494595
901,474891.7842062599
902,339386.73181467387
903,724728.7728274047
904,500206.73188212735
905,478867.5215959229
906,658575.6961363631
907,916203.3403220015
908,895885.7938510112
909,922002.2295170808
910,474897.9717279682
911,356754.7656405906
912,253018.21781487836
913,821005.0569571288
914,932687.9047347509
915,612738.0791302248
916,369004.08024352463
917,882259.4016033071
918,445514.3299260478
919,362638.0705434292
920,355975.9594845179
921,850295.6712152837
922,894724.9243483138
923,200706.66315293996
924,367804.87316702283
925,397463.6945225266
926,374323.5829816672
927,548933.1548848908
928,391718.96068577335
929,912958.2737904222
930,343916.97307710943
931,425187.5636759866
932,633054.637183145
933,357140.8389373182
934,685407.7651207803
935,227483.94364850287
936,432055.705120535
937,894806.0652323532
938,397463.6945225266
939,945474.1170691461
940,381869.0924211166
941,885226.7214442199
942,772449.4255469838
943,750256.9616824599
944,484349.2640469684
945,833166.0913420091
946,330646.6811951829
947,368764.1860948859
948,572047.8111473034
949,883849.2403387254
950,466437.77887450554
951,580097.2871269884
952,675256.881176843
953,945474.1170691461
954,925779.2597921694
955,366876.60960080766
956,917614.9238309497
957,282223.1803358619
958,364370.0472228023
959,252208.5612405372
960,927515.1133840643
961,530447.9287715736
962,549659.9882623706
963,470218.2551619074
964,775641.3324120529
965,446076.3142972255
966,277306.2832504625
967,780162.8507460657
968,929488.3355436284
969,521468.1851187033
970,831397.1064306558
971,324497.16786224046
972,529654.9375529403
973,224976.47269109727
974,282223.1803358619
975,178986.23225345003
976,356754.7656405906
977,530623.908926884
978,922965.9538118992
979,664321.0515853297
980,235587.3125483219
981,502553.00424119364
982,369004.08024352463
983,351307.7313341609
984,210749.7449694648
985,767332.4723513873
986,899224.51875478
987,942014.9506829105
988,585120.9202144518
989,337608.46855835477
990,351793.5786520911
991,919144.7209462059
992,893742.307104136
993,226376.037740095
994,576751.928369217
995,944351.5236379791
996,564214.0524752451
997,467146.15196535096
998,572956.5504053504
999,633219.2309876693
1000,514246.71459798096
1001,918578.648125768
1002,723114.3751234243
1003,280846.56692910584
1004,609438.8316153896
1005,191012.54271509306
1006,368086.2402423144
1007,663983.447964555
1008,779180.2335018879
1009,268848.9694017099
1010,256874.65603698892
1011,905753.4309030378
1012,515108.4773117152
1013,505364.1799255656
1014,201291.64819298845
1015,514246.71459798096
1016,604461.5871539458
1017,261577.2142164846
1018,754977.9121969916
1019,331119.56421705557
1020,396739.1921519194
1021,304563.88356584276
1022,278212.17239393137
1023,302533.6086536475
1024,875859.7343107825
1025,812350.6812948427
1026,839750.08817558
1027,544410.6735481828
1028,849490.3262506372
1029,926587.3503370247
1030,506240.23786580993
1031,500277.4832727283
1032,245539.90277463372
1033,541423.7917426043
1034,334177.44379656576
1035,371466.8628665736
1036,444821.2246569549
1037,317917.98884981894
1038,892613.1640287944
1039,371466.8628665736
1040,265969.2076426419
1041,300515.22524166247
1042,238746.0524674809
1043,928832.2178981989
1044,418848.0156040944
1045,384783.9712755588
1046,564327.4156969303
1047,782730.4430529166
1048,767332.4723513873
1049,938682.4165643035
1050,794022.8839877644
1051,387326.22406043124
1052,924815.5354973511
1053,801772.5765710042
1054,919175.4234205344
1055,257762.71318419356
1056,207646.90653327375
1057,517266.8732746994
1058,820299.216526792
1059,719911.7314859548
1060,450333.7280222465
1061,231657.44830562992
1062,850853.7115737597
1063,732339.2196629826
1064,466939.83500363526
1065,525674.4612082822
1066,363497.0314582662
1067,319991.69337902847
1068,656481.3973866547
1069,918681.3746244621
1070,945474.1170691461
1071,540435.1182367628
1072,855066.2790657156
1073,534949.9614167183
1074,358136.5540261741
1075,475523.4757173601
1076,383167.29792513954
1077,292992.12498988543
1078,190749.60772741053
1079,371466.8628665736
1080,582024.8451759838
1081,396776.52370928554
1082,713537.6814288798
1083,901366.1252169067
1084,260817.2300813004
1085,625533.69037455
1086,216113.8453155414
1087,508901.26672105736
1088,535834.0378283272
1089,359863.1049730213
1090,384783.9712755588
1091,946437.8413639645
1092,730253.2383913766
1093,398674.0933600295
1094,720922.5976495692
1095,167415.34455559187
1096,608124.4909405962
1097,866964.8798617984
1098,645271.4940670377
1099,454186.0630565267
1100,935472.9112389059
1101,831173.8876295325
1102,525481.1852114466
1103,944351.5236379791
1104,652597.2541417527
1105,520282.53398215875
1106,381485.09619044006
1107,853173.8488717338
1108,588950.2505302782
1109,321930.27705394884
1110,891244.3078765121
1111,947684.0577565861
1112,723768.6353139448
1113,334308.43403616454
1114,321930.27705394884
1115,894206.473053332
1116,893742.307104136
1117,335459.1352690865
1118,656481.3973866547
1119,620797.2495719203
1120,471372.1703863612
1121,823447.7620028111
1122,347442.35573618766
1123,917614.9238309497
1124,375120.37861583394
1125,926587.3503370247
1126,179139.72599715763
1127,928832.2178981989
1128,336196.5822717103
1129,918491.3474479764
1130,208842.0996292331
1131,449218.2551619074
1132,555051.9154884942
1133,541026.4097808498
1134,918578.648125768
1135,709317.9619041039
1136,839394.6092313962
1137,847050.6390340396
1138,406347.6567923846
1139,577481.3142786603
1140,604887.7062766539
1141,231657.44830562992
1142,483563.5173367389
1143,376890.7703658381
1144,279928.50260573917
1145,588492.0407135191
1146,329705.57860747096
1147,526945.5107783224
1148,923693.1025816568
1149,952690.267288093
1150,519986.92993734445
1151,330739.3866573579
1152,918578.648125768
1153,721161.3014774963
1154,221406.62076786326
1155,474451.4171344472
1156,657464.0146308326
1157,373006.8382427038
1158,172949.46608404448
1159,693543.7816927063
1160,343629.38396249164
1161,561317.7552575874
1162,361579.2422074749
1163,605647.4978627665
1164,489577.70947062946
1165,911047.0717611093
1166,536169.6399452135
1167,489349.6944755975
1168,291224.3907087578
1169,620174.5611605035
1170,812369.7388200116
1171,936301.088432529
1172,672323.0674616722
1173,619751.9803756382
1174,757813.7516433566
1175,402123.2663777304
1176,377556.8480257216
1177,767233.4968712591
1178,737989.2461879783
1179,861302.1671518945
1180,605647.4978627665
1181,810154.6196487184
1182,231933.12113270446
1183,202730.4934799518
1184,547779.2464460608
1185,293243.72435723175
1186,182135.28031295663
1187,372997.9208945016
1188,685707.8043672363
1189,315677.55538069666
1190,918948.7513710943
1191,386518.2932175301
1192,235540.29005163372
1193,893020.089444222
1194,588950.2505302782
1195,227754.86603245276
1196,357140.8389373182
1197,402185.5688459873
1198,324055.4638466871
1199,266465.04558168456
1200,435347.76452116366
1201,669537.6093019907
1202,536791.2108106391
1203,257756.1094786568
1204,314811.69542199664
1205,292032.0930728215
1206,268938.38933168456
1207,336781.77778616454
1208,799153.4285458191
1209,655567.3889485617
1210,565568.3286995889
1211,734482.9772576784
1212,370842.29110712383
1213,682225.4094562534
1214,935472.9112389059
1215,257756.1094786568
1216,322521.55806354346
1217,699817.3433885383
1218,374326.98734994105
1219,439551.08171358315
1220,544287.044177617
1221,363497.0314582662
1222,173625.38376402436
1223,386518.2932175301
1224,632574.1925044595
1225,505234.09988878487
1226,362107.8044295079
1227,360924.663829405
1228,637387.8367822203
1229,711588.3067028244
1230,371784.18378524005
1231,888709.3783437689
1232,282762.7579014659
1233,476078.3628895328
1234,596431.3063993041
1235,907843.1754334193
1236,279928.50260573917
1237,849889.9872789413
1238,364718.597001818
1239,599466.7211105925
1240,260521.15160515177
1241,676399.8424978495
1242,284139.371308222
1243,337981.1736974484
1244,389240.55925323337
1245,631398.4216685059
1246,901366.1252169067
1247,797288.1506688282
1248,291052.44355175167
1249,299913.56367036863
1250,303199.88830607256
1251,822564.0851513565
1252,903405.0447621137
1253,456809.18174985825
1254,288751.0469587578
1255,885271.5788156963
1256,533341.9759973959
1257,402123.2663777304
1258,660615.6449571516
1259,493774.126082525
1260,525674.4612082822
1261,329748.8131484384
1262,178986.23225345003
1263,836419.3793822266
1264,383835.6023744157
1265,909888.0776673724
1266,324280.4605785798
1267,511719.11307523586
1268,368443.597001818
1269,321830.0952162652
1270,702669.749661144
1271,930798.5838824888
1272,565503.9885929684
1273,931720.2923910687
1274,572956.5504053504
1275,259155.8060723271
1276,934628.7182086962
1277,605647.4978627665
1278,894724.9243483138
1279,814104.489178094
1280,202730.4934799518
1281,357914.7559543509
1282,827978.9894299603
1283,690730.132650498
1284,521468.1851187033
1285,890392.6844694319
1286,301455.9848302641
1287,341473.34774223214
1288,355406.5169953469
1289,281221.0144010505
1290,797390.4763477499
1291,710914.2238856303
1292,620734.5976198161
1293,604914.710404687
1294,822699.5847459509
1295,371466.8628665736
1296,747828.8245415902
1297,358986.0801544847
1298,284756.8423094568
1299,561992.0151074015
1300,916787.6570692455
1301,311079.09812654566
1302,784053.9462750169
1303,498647.602345536
1304,530031.0331958135
1305,660228.8295209478
1306,881499.7801038214
1307,455507.36408237147
1308,868705.0248195513
1309,627073.697358357
1310,275551.907327375
1311,386518.2932175301
1312,314773.8130732063
1313,826173.9328040383
1314,291413.2339907866
1315,952690.267288093
1316,833908.8087391177
1317,249009.44128535167
1318,331119.56421705557
1319,631466.2496417311
1320,660228.8295209478
1321,782669.7249344321
1322,473975.96736963233
1323,826173.9328040383
1324,532818.0208176353
1325,337219.29186229705
1326,826966.0841504788
1327,625997.7604669469
1328,296974.75628346554
1329,208570.27537212393
1330,355019.8459063773
1331,257756.1094786568
1332,759461.8540193734
1333,555051.9154884942
1334,722131.7578792465
1335,897519.9466773628
1336,652597.2541417527
1337,446598.9394718375
1338,368086.2402423144
1339,544410.6735481828
1340,281221.0144010505
1341,757712.0385025763
1342,583857.724057003
1343,917614.9238309497
1344,856693.7373454331
1345,895885.7938510112
1346,900697.1774859438
1347,728637.4559764182
1348,509924.47712705284
1349,645520.5107203771
1350,394548.13247118227
1351,398674.0933600295
1352,525674.4612082822
1353,863281.7481820326
1354,495756.3394203347
1355,598455.8805434749
1356,368443.597001818
1357,515303.5673012867
1358,281221.0144010505
1359,583973.3988899394
1360,521468.1851187033
1361,555051.9154884942
1362,480317.49090753216
1363,671672.7611872593
1364,741974.9699709386
1365,645520.5107203771
1366,814104.489178094
1367,916094.1324000624
1368,397463.6945225266
1369,304087.6379122613
1370,357140.8389373182
1371,213892.36335915086
1372,798715.4536625659
1373,398381.5345237367
1374,299858.43576422817
1375,918681.3746244621
1376,446964.59253580426
1377,643182.9280398577
1378,285562.17713964893
1379,359863.1049730213
1380,371466.8628665736
1381,313227.4116150358
1382,717786.396186762
1383,260015.71127319467
1384,740938.7357091262
1385,642522.7240228633
1386,944162.8151927944
1387,632574.1925044595
1388,704093.7675770659
1389,282011.6916780044
1390,896618.3708299667
1391,723615.9636474075
1392,214446.84036986082
1393,367516.0932353918
1394,342875.1350848306
1395,947684.0577565861
1396,216752.90328044427
1397,871222.5433193675
1398,642406.1756327024
1399,789415.3347088752
1400,897519.9466773628
1401,370329.54185033275
1402,390956.69648768683
1403,892509.6819226667
1404,329887.2233433118
1405,927177.4296905611
1406,482341.6587950239
1407,360177.59890835127
1408,382841.74375870713
1409,582986.4905119789
1410,467835.8999697243
1411,234806.78005047876
1412,925162.5880597723
1413,947684.0577565861
1414,856495.6397675028
1415,722037.300517331
1416,362807.49015829124
1417,869792.6165665973
1418,525344.7151847905
1419,296325.00325670606
1420,748027.4320370284
1421,918578.648125768
1422,872873.6701426276
1423,589153.7871867059
1424,353380.0589038365
1425,359228.1093905906
1426,246273.0525683694
1427,743098.5313837809
1428,581270.5701927966
1429,714380.7553425439
1430,598187.7009190914
1431,729679.858276223
1432,656481.3973866547
1433,667176.484050952
1434,179139.72599715763
1435,331955.5275202476
1436,599224.1449595069
1437,625050.210612063
1438,929063.991207535
1439,855241.0172598908
1440,885494.2693887248
1441,525393.0903064671
1442,925658.0761441699
1443,503441.91210190114
1444,763373.841419355
1445,261897.765011908
1446,514072.00427538104
1447,391210.6207452244
1448,887728.3822208429
1449,739829.427755196
1450,237436.92184477567
1451,649903.8522678558
1452,358211.2821373549
1453,798631.4308313392
1454,279928.50260573917
1455,387527.5313979102
1456,386865.21380392264
1457,296790.436964746
1458,647363.3011836614
1459,368086.2402423144
1460,286383.3150083823
1461,356731.96119879023
1462,944351.5236379791
1463,727654.8387322404
1464,402262.7461305448
1465,404659.332175337
1466,474891.7842062599
1467,918491.3474479764
1468,739199.8505587033
1469,344372.6794895994
1470,850598.8043833163
1471,295915.96066482563
1472,590038.2942662247
1473,515033.219267971
1474,557785.7390178227
1475,922965.9538118992
1476,823741.1039320901
1477,381402.53477425675
1478,321930.27705394884
1479,357582.6979667122
1480,343629.38396249164
1481,399920.9745869908
1482,217932.4966807348
1483,520282.53398215875
1484,715492.8561407102
1485,551417.5934439503
1486,455817.90045018296
1487,359810.0017909185
1488,350693.2854336285
1489,651614.6368975749
1490,782627.105626829
1491,723114.3751234243
1492,354330.1928718905
1493,610166.841029213
1494,756770.4320441692
1495,327948.63966839144
1496,655567.3889485617
1497,833598.9062741749
1498,390956.69648768683
1499,285764.5432345731
1500,256909.70898856389
1501,542079.692800955
1502,812495.0490757491
1503,944351.5236379791
1504,914217.2232210283
1505,727654.8387322404
1506,326095.4019468504
1507,417041.45564956905
1508,829212.8852762398
1509,444376.9178719629
1510,679807.9013398993
1511,400968.9720237367
1512,903349.9353701611
1513,652597.2541417527
1514,926748.6059209778
1515,516816.174020717
1516,560955.0639291143
1517,450216.7192527439
1518,588153.4665923446
1519,344572.10813136864
1520,172453.87536697055
1521,224976.47269109727
1522,583213.8535129151
1523,532614.5608271896
1524,291728.2102198575
1525,224976.47269109727
1526,240873.44691239987
1527,472405.3189262151
1528,256197.39879099294
1529,944351.5236379791
1530,604264.2417720426
1531,917461.2731616178
1532,912010.7960559276
1533,823741.1039320901
1534,229805.31339867035
1535,289425.89645741985
1536,306287.29063075234
1537,918578.648125768
1538,346454.8127634657
1539,304490.7922536192
1540,666477.7258764636
1541,911809.219070238
1542,474891.7842062599
1543,597708.2321769815
1544,314811.69542199664
1545,561992.0151074015
1546,371617.40887368965
1547,952690.267288093
1548,520282.53398215875
1549,534801.3697743044
1550,422168.6437479168
1551,357490.6951624854
1552,479598.3458162101
1553,794970.6229775329
1554,844244.6146481128
1555,804635.0909742458
1556,286310.0204040037
1557,298267.555849276
1558,672041.2151425594
1559,359686.1429019999
1560,403704.4416301532
1561,530027.9675925908
1562,543885.916832846
1563,288751.0469587578
1564,386518.2932175301
1565,245611.98733171503
1566,258617.2994362368
1567,237154.80872110196
1568,588492.0407135191
1569,444791.7192527439
1570,301455.9848302641
1571,386518.2932175301
1572,661106.7617701893
1573,536974.7235529883
1574,657464.0146308326
1575,622802.8778341571
1576,441735.76584210136
1577,386518.2932175301
1578,224976.47269109727
1579,477189.21988226275
1580,359863.1049730213
1581,533931.399294173
1582,883520.0625684555
1583,253164.91979018121
1584,357948.7697802193
1585,336196.5822717103
1586,402123.2663777304
1587,329887.2233433118
1588,812495.0490757491
1589,405487.5822818914
1590,321930.27705394884
1591,789611.9755883561
1592,346918.5118125789
1593,357993.9544953469
1594,324280.4605785798
1595,240873.44691239987
1596,620430.4767877669
1597,644393.1663768524
1598,856354.6956981814
1599,926034.1074472005
1600,397917.1650845363
1601,913917.3706417362
1602,557785.7390178227
1603,275551.907327375
1604,782909.7257966598
1605,329561.0145079511
1606,357140.8389373182
1607,577724.7261926493
1608,659633.0277129738
1609,521468.1851187033
1610,698451.4794256188
1611,668925.0240768025
1612,591840.6227615777
1613,249009.44128535167
1614,378772.1420845218
1615,335407.15091946465
1616,521468.1851187033
1617,841883.7824662871
1618,709932.7638075688
1619,874039.5587562956
1620,386518.2932175301
1621,525674.4612082822
1622,926034.1074472005
1623,506240.23786580993
1624,466939.83500363526
1625,605647.4978627665
1626,186521.09264063186
1627,765887.7163264857
1628,293070.8973525382
1629,571011.4485472076
1630,470218.2551619074
1631,905332.014729276
1632,402123.2663777304
1633,610552.9625300076
1634,525940.2120625353
1635,923424.8108427239
1636,552090.5560608687
1637,374307.48905255506
1638,936191.1892711752
1639,608929.3722373277
1640,871222.5433193675
1641,332316.0005326093
1642,351006.8127719232
1643,718511.5022631532
1644,903245.3285226161
1645,782669.7249344321
1646,765501.459844651
1647,789415.3347088752
1648,328644.0257038539
1649,817024.6505502666
1650,378406.164677555
1651,782730.4430529166
1652,944351.5236379791
1653,733389.523992015
1654,381196.77488612966
1655,944351.5236379791
1656,693019.0249773692
1657,947684.0577565861
1658,399140.0404600706
1659,855021.3671216003
1660,370381.03295300406
1661,335185.25898430555
1662,241410.1947550927
1663,758318.7648991948
1664,861699.1104342096
1665,383835.6023744157
1666,333236.90996563516
1667,583973.3988899394
1668,322611.975735889
1669,397194.0528068017
1670,657464.0146308326
1671,288751.0469587578
1672,953653.9915829113
1673,516123.8107695909
1674,276572.5533171574
1675,947684.0577565861
1676,556631.6502431636
1677,286945.9867221486
1678,304007.74440298043
1679,331547.20954919304
1680,361579.2422074749
1681,373006.8382427038
1682,550845.6393989151
1683,395690.6937957162
1684,281221.0144010505
1685,784495.0223927596
1686,589312.5511837285
1687,300136.1342838344
1688,397821.05128202995
1689,309593.32324989594
1690,784413.994397236
1691,827398.1898358777
1692,361579.2422074749
1693,302798.122788806
1694,944213.3312838349
1695,552101.5637941251
1696,493729.0457962021
1697,373006.8382427038
1698,251335.57826356497
1699,493957.7831822991
1700,334983.2835348265
1701,521468.1851187033
1702,903405.0447621137
1703,590597.0009546968
1704,625893.4709129543
1705,790547.4220405055
1706,826966.0841504788
1707,375122.21497606795
1708,734008.2011068384
1709,198736.86047612777
1710,817624.8734961904
1711,421194.67444438883
1712,300060.01535630145
1713,325485.8896831459
1714,369208.24192058854
1715,300015.0480532605
1716,316856.60746841296
1717,441793.2918885427
1718,342406.729505028
1719,347442.35573618766
1720,346918.5118125789
1721,347442.35573618766
1722,755308.6388982466
1723,271815.83984344354
1724,568331.2373265414
1725,895885.7938510112
1726,303479.28012022213
1727,928832.2178981989
1728,922730.0963765787
1729,689490.5889842992
1730,167415.34455559187
1731,544410.6735481828
1732,597708.2321769815
1733,945474.1170691461
1734,520850.64792072406
1735,620917.7972467787
1736,549659.9882623706
1737,507811.7487472488
1738,390498.6095652649
1739,597708.2321769815
1740,360864.7697215922
1741,563879.6111119749
1742,841941.8034634986
1743,945474.1170691461
1744,260272.7036962297
1745,343437.50789432
1746,389452.7269126546
1747,918573.7614871718
1748,358296.6422795454
1749,945474.1170691461
1750,715896.6930261184
1751,521468.1851187033
1752,281331.1230172971
1753,314121.63814516517
1754,234920.93734913674
1755,310652.1801817822
1756,220902.92219369317
1757,354460.3665100626
1758,361579.2422074749
1759,428358.0676205349
1760,721161.3014774963
1761,664907.3531952393
1762,910265.4781240235
1763,378869.8024893
1764,917614.9238309497
1765,809717.1834919628
1766,514246.71459798096
1767,652646.5424340235
1768,523159.23796045536
1769,930168.7975912791
1770,865115.7445112943
1771,605987.684079595
1772,595394.4518664809
1773,223541.27955240398
1774,372745.81209751836
1775,369004.08024352463
1776,887589.9150134063
1777,405196.22297792166
1778,865115.7445112943
1779,897552.7857460126
1780,215223.72624163455
1781,361579.2422074749
1782,320726.95932463504
1783,325723.1516576151
1784,460266.2741830017
1785,625997.7604669469
1786,702669.749661144
1787,596948.4405908689
1788,305565.2931349216
1789,905781.9617548657
1790,815660.885337998
1791,754977.9121969916
1792,679668.4965708505
1793,342143.90585905965
1794,756664.9620017818
1795,384783.9712755588
1796,910209.1757918302
1797,863695.758666076
1798,453381.9965292605
1799,633229.7900144372
1800,259332.2786376725
1801,547610.4788129459
1802,555051.9154884942
1803,748648.9515320393
1804,871632.0130778338
1805,327611.8801321083
1806,595394.4518664809
1807,637265.3026858883
1808,567389.0983412402
1809,871409.9822162119
1810,281221.0144010505
1811,473880.89855363144
1812,386518.2932175301
1813,817024.6505502666
1814,387522.02713053516
1815,358986.0801544847
1816,261617.69374505675
1817,511385.7052801169
1818,535923.8975964643
1819,519986.92993734445
1820,355406.5169953469
1821,284085.64206440025
1822,480686.08605363144
1823,388605.5636708026
1824,923693.1025816568
1825,549695.5088647379
1826,336970.62106819334
1827,336993.9061256071
1828,534949.9614167183
1829,826975.2718885752
1830,883107.8709878826
1831,371591.51774352463
1832,855985.0914164187
1833,935472.9112389059
1834,912958.2737904222
1835,254603.5966225542
1836,321930.27705394884
1837,868164.2162073421
1838,373006.8382427038
1839,204462.77046631134
1840,736652.2008507715
1841,595394.4518664809
1842,279225.3331644272
1843,393233.9146507092
1844,517380.7141260032
1845,362413.9945458197
1846,945474.1170691461
1847,386518.2932175301
1848,755451.0476866954
1849,886342.4914302864
1850,268834.674404893
1851,367254.43805758917
1852,558127.4213719642
1853,797650.596357886
1854,431383.928839943
1855,608124.4909405962
1856,712555.064184702
1857,903850.4885591948
1858,337178.7373890135
1859,427223.6238140217
1860,665095.5900100276
1861,855762.9900286115
1862,786879.3041278892
1863,374906.5367237768
1864,336781.77778616454
1865,878522.4260368553
1866,291298.93315589963
1867,303674.40888149664
1868,343924.8029955508
1869,880002.8515826267
1870,224976.47269109727
1871,357140.8389373182
1872,655567.3889485617
1873,842827.2049703721
1874,913860.330700291
1875,533151.7909792408
1876,838300.3295918469
1877,631063.5384724807
1878,495877.45464569126
1879,758154.9027681331
1880,810205.0121348642
1881,292795.7612730159
1882,359810.0017909185
1883,495756.3394203347
1884,896570.1685018347
1885,506113.91698374704
1886,525674.4612082822
1887,722037.300517331
1888,184371.43305112026
1889,231657.44830562992
1890,894206.473053332
1891,369004.08024352463
1892,619555.7256232037
1893,333182.229632218
1894,541911.1102599271
1895,467856.58242980146
1896,465290.95835257386
1897,828014.7258561879
1898,896868.411095189
1899,857115.495551579
1900,364370.0472228023
1901,325996.4263707694
1902,384783.9712755588
1903,939633.6225511361
1904,544410.6735481828
1905,469497.2344421527
1906,515017.96759259084
1907,281878.7349772813
1908,953653.9915829113
1909,897519.9466773628
1910,641947.1838755968
1911,612334.2551024812
1912,549659.9882623706
1913,173625.38376402436
1914,262672.9883121286
1915,805150.4825432852
1916,677893.5438397218
1917,652597.2541417527
1918,532738.2392344801
1919,675256.881176843
1920,203040.15171224938
1921,821433.0104929247
1922,782075.6629327511
1923,859743.4093410759
1924,399744.27570456127
1925,417192.9544671676
1926,925162.5880597723
1927,277817.72831860546
1928,264676.060316504
1929,528408.2847376107
1930,911047.0717611093
1931,945474.1170691461
1932,841941.8034634986
1933,352224.5657349368
1934,337835.3001397063
1935,395751.8590756454
1936,644750.0938219283
1937,520282.53398215875
1938,796170.7484976483
1939,826890.4093387715
1940,384783.9712755588
1941,191012.54271509306
1942,291298.93315589963
1943,928832.2178981989
1944,282034.9652655809
1945,398870.73816010053
1946,525674.4612082822
1947,706880.8320109335
1948,793169.3475135709
1949,384783.9712755588
1950,491297.60017106007
1951,514508.46255263395
1952,550845.6393989151
1953,483260.3381119523
1954,612334.2551024812
1955,265156.58342633967
1956,405392.3573980033
1957,351307.7313341609
1958,709891.2201818664
1959,896868.411095189
1960,323216.08750283543
1961,563358.362952919
1962,585733.8834707249
1963,316755.5499577288
1964,287530.30401161
1965,260272.7036962297
1966,538173.9402015661
1967,359863.1049730213
1968,881499.7801038214
1969,743540.6974783837
1970,184371.43305112026
1971,720433.3682115179
1972,448471.4794100204
1973,446598.9394718375
1974,436138.5566808176
1975,901604.9847968856
1976,318984.28813436744
1977,198875.4897311204
1978,367399.0694290736
1979,874125.7458713547
1980,440484.2543122327
1981,883520.0625684555
1982,521960.17223112634
1983,839036.3091587819
1984,857115.495551579
1985,449218.2551619074
1986,322392.49815183424
1987,351307.7313341609
1988,863672.6943314741
1989,513061.06346143654
1990,879149.7252088836
1991,202326.77770020626
1992,356597.1842747109
1993,270950.8075733236
1994,889755.7221787594
1995,572054.8190783546
1996,336609.8306291584
1997,398370.97339678556
1998,695967.5297308584
1999,259512.86807903246
